"","Location","Trap #","Trip","Date","ws_1","ws_2","date_time","sampling","ws_1_num","ws_2_num","ws_avg"
"1","Deans","D1B",1,2022-08-16,"1.6","4.3",2022-08-16 10:39:34,"Deans1",1.6,4.3,2.95
"2","Deans","D1E",1,2022-08-16,"1.6","1.4",2022-08-16 10:44:06,"Deans1",1.6,1.4,1.5
"3","Deans","D2A",1,2022-08-16,"1.3","0.7",2022-08-16 10:48:13,"Deans1",1.3,0.7,1
"4","Deans","D2C",1,2022-08-16,"1.4","1.8",2022-08-16 10:56:56,"Deans1",1.4,1.8,1.6
"5","Deans","D2D",1,2022-08-16,"1.4","1.1",2022-08-16 11:05:20,"Deans1",1.4,1.1,1.25
"6","Deans","D3B",1,2022-08-16,"4.3","2.5",2022-08-16 11:09:46,"Deans1",4.3,2.5,3.4
"7","Deans","D3E",1,2022-08-16,"0.2","0.0",2022-08-16 11:12:46,"Deans1",0.2,0,0.1
"8","Deans","D4A",1,2022-08-16,"6.8","1.1",2022-08-16 11:15:52,"Deans1",6.8,1.1,3.95
"9","Deans","D4C",1,2022-08-16,"2.5","2.2",2022-08-16 11:24:15,"Deans1",2.5,2.2,2.35
"10","Deans","D4D",1,2022-08-16,"1.1","2.3",2022-08-16 11:32:13,"Deans1",1.1,2.3,1.7
"11","Deans","D5B",1,2022-08-16,"3.6","2.2",2022-08-16 11:36:15,"Deans1",3.6,2.2,2.9
"12","Deans","D5E",1,2022-08-16,"0.4","0.0",2022-08-16 11:39:58,"Deans1",0.4,0,0.2
"13","Deans","D1B",2,2022-08-16,"2.9","2.9",2022-08-16 13:06:59,"Deans1",2.9,2.9,2.9
"14","Deans","D1E",2,2022-08-16,"0.2","0.7",2022-08-16 13:10:23,"Deans1",0.2,0.7,0.45
"15","Deans","D2A",2,2022-08-16,"5.8","4.3",2022-08-16 13:14:19,"Deans1",5.8,4.3,5.05
"16","Deans","D2C",2,2022-08-16,"2.0","1.6",2022-08-16 13:20:07,"Deans1",2,1.6,1.8
"17","Deans","D2D",2,2022-08-16,"1.6","0.4",2022-08-16 13:27:30,"Deans1",1.6,0.4,1
"18","Deans","D3B",2,2022-08-16,"2.9","3.2",2022-08-16 13:31:56,"Deans1",2.9,3.2,3.05
"19","Deans","D3E",2,2022-08-16,"0.7","0.4",2022-08-16 13:35:06,"Deans1",0.7,0.4,0.55
"20","Deans","D4A",2,2022-08-16,"1.4","3.2",2022-08-16 13:38:25,"Deans1",1.4,3.2,2.3
"21","Deans","D4C",2,2022-08-16,"0.4","1.1",2022-08-16 13:45:09,"Deans1",0.4,1.1,0.75
"22","Deans","D4D",2,2022-08-16,"0.2","0.0",2022-08-16 13:51:42,"Deans1",0.2,0,0.1
"23","Deans","D5B",2,2022-08-16,"9.4","5.0",2022-08-16 13:55:19,"Deans1",9.4,5,7.2
"24","Deans","D5E",2,2022-08-16,"3.4","2.2",2022-08-16 13:58:49,"Deans1",3.4,2.2,2.8
"25","Deans","D1B",3,2022-08-16,"0.7","0.4",2022-08-16 16:07:12,"Deans1",0.7,0.4,0.55
"26","Deans","D1E",3,2022-08-16,"0.2","0.0",2022-08-16 16:10:46,"Deans1",0.2,0,0.1
"27","Deans","D2A",3,2022-08-16,"0.0","0.0",2022-08-16 16:16:02,"Deans1",0,0,0
"28","Deans","D2C",3,2022-08-16,"0.0","0.2",2022-08-16 16:33:30,"Deans1",0,0.2,0.1
"29","Deans","D2D",3,2022-08-16,"0.0","0.4",2022-08-16 16:39:57,"Deans1",0,0.4,0.2
"30","Deans","D3B",3,2022-08-16,"0.4","1.4",2022-08-16 16:46:44,"Deans1",0.4,1.4,0.9
"31","Deans","D3E",3,2022-08-16,"1.4","2.2",2022-08-16 16:50:00,"Deans1",1.4,2.2,1.8
"32","Deans","D4A",3,2022-08-16,"0.7","0.4",2022-08-16 16:53:27,"Deans1",0.7,0.4,0.55
"33","Deans","D4C",3,2022-08-16,"2.9","2.2",2022-08-16 16:59:39,"Deans1",2.9,2.2,2.55
"34","Deans","D4D",3,2022-08-16,"2.2","2.2",2022-08-16 17:04:38,"Deans1",2.2,2.2,2.2
"35","Deans","D5B",3,2022-08-16,"0.0","0.0",2022-08-16 17:08:21,"Deans1",0,0,0
"36","Deans","D5E",3,2022-08-16,"0.0","1.4",2022-08-16 17:15:23,"Deans1",0,1.4,0.7
"37","Deans","D1B",4,2022-08-16,"2.2000000000000002",NA,2022-08-16 19:07:42,"Deans1",2.2,NA,2.2
"38","Deans","D1E",4,2022-08-16,"0.4",NA,2022-08-16 19:11:53,"Deans1",0.4,NA,0.4
"39","Deans","D2A",4,2022-08-16,"1.4",NA,2022-08-16 19:15:37,"Deans1",1.4,NA,1.4
"40","Deans","D2C",4,2022-08-16,"2.5",NA,2022-08-16 19:23:14,"Deans1",2.5,NA,2.5
"41","Deans","D2D",4,2022-08-16,"0.7",NA,2022-08-16 19:30:05,"Deans1",0.7,NA,0.7
"42","Deans","D3B",4,2022-08-16,"2.2000000000000002",NA,2022-08-16 19:34:35,"Deans1",2.2,NA,2.2
"43","Deans","D3E",4,2022-08-16,"0.4",NA,2022-08-16 19:37:47,"Deans1",0.4,NA,0.4
"44","Deans","D4A",4,2022-08-16,"2.9",NA,2022-08-16 19:40:29,"Deans1",2.9,NA,2.9
"45","Deans","D4C",4,2022-08-16,"2.9",NA,2022-08-16 19:47:21,"Deans1",2.9,NA,2.9
"46","Deans","D4D",4,2022-08-16,"--",NA,2022-08-16 19:55:16,"Deans1",NA,NA,NA
"47","Deans","D5B",4,2022-08-16,"1.4",NA,2022-08-16 19:58:53,"Deans1",1.4,NA,1.4
"48","Deans","D5E",4,2022-08-16,"1.8",NA,2022-08-16 20:02:31,"Deans1",1.8,NA,1.8
"49","Deans","D1B",5,2022-08-16,"0.4",NA,2022-08-16 22:02:25,"Deans1",0.4,NA,0.4
"50","Deans","D1E",5,2022-08-16,"0.4",NA,2022-08-16 22:06:26,"Deans1",0.4,NA,0.4
"51","Deans","D2A",5,2022-08-16,"0.4",NA,2022-08-16 22:10:00,"Deans1",0.4,NA,0.4
"52","Deans","D2C",5,2022-08-16,"0.4",NA,2022-08-16 22:15:28,"Deans1",0.4,NA,0.4
"53","Deans","D2D",5,2022-08-16,"0.4",NA,2022-08-16 22:22:36,"Deans1",0.4,NA,0.4
"54","Deans","D3B",5,2022-08-16,"0.7",NA,2022-08-16 22:26:38,"Deans1",0.7,NA,0.7
"55","Deans","D3E",5,2022-08-16,"0",NA,2022-08-16 22:29:59,"Deans1",0,NA,0
"56","Deans","D4A",5,2022-08-16,"1.1000000000000001",NA,2022-08-16 22:37:10,"Deans1",1.1,NA,1.1
"57","Deans","D4C",5,2022-08-16,"5.4",NA,2022-08-16 22:41:17,"Deans1",5.4,NA,5.4
"58","Deans","D4D",5,2022-08-16,"1.1000000000000001",NA,2022-08-16 22:47:01,"Deans1",1.1,NA,1.1
"59","Deans","D5B",5,2022-08-16,"2.2000000000000002",NA,2022-08-16 22:51:19,"Deans1",2.2,NA,2.2
"60","Deans","D5E",5,2022-08-16,"0",NA,2022-08-16 22:55:06,"Deans1",0,NA,0
"61","Deans","D1B",6,2022-08-17,"0.4","1.1",2022-08-17 01:07:50,"Deans1",0.4,1.1,0.75
"62","Deans","D1E",6,2022-08-17,"0.0","0.4",2022-08-17 01:12:34,"Deans1",0,0.4,0.2
"63","Deans","D2A",6,2022-08-17,"1.1","1.8",2022-08-17 01:17:30,"Deans1",1.1,1.8,1.45
"64","Deans","D2C",6,2022-08-17,"0.4","0.7",2022-08-17 01:23:40,"Deans1",0.4,0.7,0.55
"65","Deans","D2D",6,2022-08-17,"0.0","0.4",2022-08-17 01:31:26,"Deans1",0,0.4,0.2
"66","Deans","D3B",6,2022-08-17,"1.4","1.1",2022-08-17 01:36:31,"Deans1",1.4,1.1,1.25
"67","Deans","D3E",6,2022-08-17,"0.4","0.4",2022-08-17 01:40:30,"Deans1",0.4,0.4,0.4
"68","Deans","D4A",6,2022-08-17,"1.4","1.1",2022-08-17 01:44:50,"Deans1",1.4,1.1,1.25
"69","Deans","D4C",6,2022-08-17,"1.4","2.5",2022-08-17 01:52:02,"Deans1",1.4,2.5,1.95
"70","Deans","D5B",6,2022-08-17,"6.1","4.7",2022-08-17 02:02:55,"Deans1",6.1,4.7,5.4
"71","Deans","D5E",6,2022-08-17,"0.7","0.7",2022-08-17 02:07:05,"Deans1",0.7,0.7,0.7
"72","Deans","D1B",7,2022-08-17,"1.1","2.2",2022-08-17 04:08:46,"Deans1",1.1,2.2,1.65
"73","Deans","D1E",7,2022-08-17,"2.2","2.5",2022-08-17 04:13:32,"Deans1",2.2,2.5,2.35
"74","Deans","D2A",7,2022-08-17,"1.4","0.4",2022-08-17 04:17:47,"Deans1",1.4,0.4,0.9
"75","Deans","D2C",7,2022-08-17,"2.5","1.8",2022-08-17 04:25:29,"Deans1",2.5,1.8,2.15
"76","Deans","D2D",7,2022-08-17,"0.4","0.0",2022-08-17 04:34:38,"Deans1",0.4,0,0.2
"77","Deans","D3B",7,2022-08-17,"2.2","1.4",2022-08-17 04:43:31,"Deans1",2.2,1.4,1.8
"78","Deans","D3E",7,2022-08-17,"0.4","1.8",2022-08-17 04:48:02,"Deans1",0.4,1.8,1.1
"79","Deans","D4A",7,2022-08-17,"1.4","0.7",2022-08-17 04:52:08,"Deans1",1.4,0.7,1.05
"80","Deans","D4C",7,2022-08-17,"1.4","2.5",2022-08-17 04:58:43,"Deans1",1.4,2.5,1.95
"81","Deans","D4D",7,2022-08-17,"0.7","0.0",2022-08-17 05:06:10,"Deans1",0.7,0,0.35
"82","Deans","D5B",7,2022-08-17,"1.4","2.2",2022-08-17 05:12:00,"Deans1",1.4,2.2,1.8
"83","Deans","D5E",7,2022-08-17,"0.0","1.4",2022-08-17 05:16:19,"Deans1",0,1.4,0.7
"84","Deans","D1B",8,2022-08-17,"0.0","0.0",NA,"Deans1",0,0,0
"85","Deans","D1E",8,2022-08-17,"0.4","0.0",2022-08-17 08:57:45,"Deans1",0.4,0,0.2
"86","Deans","D2A",8,2022-08-17,"0.7","1.1",2022-08-17 09:01:25,"Deans1",0.7,1.1,0.9
"87","Deans","D2C",8,2022-08-17,"0.0","1.4",2022-08-17 09:06:25,"Deans1",0,1.4,0.7
"88","Deans","D2D",8,2022-08-17,"0.4","0.0",2022-08-17 09:14:47,"Deans1",0.4,0,0.2
"89","Deans","D3B",8,2022-08-17,"1.1","0.4",2022-08-17 09:21:04,"Deans1",1.1,0.4,0.75
"90","Deans","D3E",8,2022-08-17,"0.0","0.4",2022-08-17 09:24:11,"Deans1",0,0.4,0.2
"91","Deans","D4A",8,2022-08-17,"0.0","00.4",2022-08-17 09:26:57,"Deans1",0,0.4,0.2
"92","Deans","D4C",8,2022-08-17,"1.1","0.71",2022-08-17 09:32:48,"Deans1",1.1,0.71,0.905
"93","Deans","D4D",8,2022-08-17,"0.4","0.4",2022-08-17 09:38:06,"Deans1",0.4,0.4,0.4
"94","Deans","D5B",8,2022-08-17,"1.1","0.7",2022-08-17 09:41:30,"Deans1",1.1,0.7,0.9
"95","Deans","D5E",8,2022-08-17,"0.4","0.4",2022-08-17 09:44:22,"Deans1",0.4,0.4,0.4
"96","Deans","D1B",1,2022-08-30,"0.4",NA,2022-08-30 10:04:37,"Deans2",0.4,NA,0.4
"97","Deans","D1E",1,2022-08-30,"0.1",NA,2022-08-30 10:08:38,"Deans2",0.1,NA,0.1
"98","Deans","D2A",1,2022-08-30,"0.1",NA,2022-08-30 10:12:21,"Deans2",0.1,NA,0.1
"99","Deans","D2C",1,2022-08-30,"0.4",NA,2022-08-30 10:20:59,"Deans2",0.4,NA,0.4
"100","Deans","D2D",1,2022-08-30,"0.4",NA,2022-08-30 10:27:29,"Deans2",0.4,NA,0.4
"101","Deans","D3B",1,2022-08-30,"0.1",NA,2022-08-30 10:31:45,"Deans2",0.1,NA,0.1
"102","Deans","D3E",1,2022-08-30,"0.6",NA,2022-08-30 10:34:55,"Deans2",0.6,NA,0.6
"103","Deans","D4A",1,2022-08-30,"0.1",NA,2022-08-30 10:38:47,"Deans2",0.1,NA,0.1
"104","Deans","D4C",1,2022-08-30,"0.0",NA,2022-08-30 10:46:05,"Deans2",0,NA,0
"105","Deans","D4D",1,2022-08-30,"0.1",NA,2022-08-30 10:51:18,"Deans2",0.1,NA,0.1
"106","Deans","D5B",1,2022-08-30,"0.4",NA,2022-08-30 10:56:53,"Deans2",0.4,NA,0.4
"107","Deans","D5E",1,2022-08-30,"0.1",NA,2022-08-30 11:00:12,"Deans2",0.1,NA,0.1
"108","Deans","D1B",2,2022-08-30,"0.7","0.5",2022-08-30 12:52:34,"Deans2",0.7,0.5,0.6
"109","Deans","D1E",2,2022-08-30,"0.0","0.4",2022-08-30 12:56:26,"Deans2",0,0.4,0.2
"110","Deans","D2A",2,2022-08-30,"0.4","0.6",2022-08-30 12:59:49,"Deans2",0.4,0.6,0.5
"111","Deans","D2C",2,2022-08-30,"0.9","0.1",2022-08-30 13:06:23,"Deans2",0.9,0.1,0.5
"112","Deans","D2D",2,2022-08-30,"0.1","0.3",2022-08-30 13:14:43,"Deans2",0.1,0.3,0.2
"113","Deans","D3B",2,2022-08-30,"0.1","0.4",2022-08-30 13:19:36,"Deans2",0.1,0.4,0.25
"114","Deans","D3E",2,2022-08-30,"0.2","1.0",2022-08-30 13:22:54,"Deans2",0.2,1,0.6
"115","Deans","D4A",2,2022-08-30,"2.6","0.9",2022-08-30 13:27:33,"Deans2",2.6,0.9,1.75
"116","Deans","D4C",2,2022-08-30,"0.2","1.1",2022-08-30 13:35:12,"Deans2",0.2,1.1,0.65
"117","Deans","D4D",2,2022-08-30,"0.9","1.1",2022-08-30 13:46:32,"Deans2",0.9,1.1,1
"118","Deans","D5B",2,2022-08-30,"0.3","0.7",2022-08-30 13:50:39,"Deans2",0.3,0.7,0.5
"119","Deans","D5E",2,2022-08-30,"0.4","0.2",2022-08-30 13:54:13,"Deans2",0.4,0.2,0.3
"120","Deans","D1B",3,2022-08-30,"0.5","0.4",2022-08-30 15:56:48,"Deans2",0.5,0.4,0.45
"121","Deans","D1E",3,2022-08-30,"0.2","0.0",2022-08-30 16:00:01,"Deans2",0.2,0,0.1
"122","Deans","D2A",3,2022-08-30,"0.3","0.7",2022-08-30 16:04:19,"Deans2",0.3,0.7,0.5
"123","Deans","D2C",3,2022-08-30,"1.7","2.2",2022-08-30 16:10:28,"Deans2",1.7,2.2,1.95
"124","Deans","D2D",3,2022-08-30,"0.2","1.3",2022-08-30 16:16:15,"Deans2",0.2,1.3,0.75
"125","Deans","D3B",3,2022-08-30,"0.9","0.1",2022-08-30 16:20:32,"Deans2",0.9,0.1,0.5
"126","Deans","D3E",3,2022-08-30,"0.1","0.3",2022-08-30 16:23:30,"Deans2",0.1,0.3,0.2
"127","Deans","D4A",3,2022-08-30,"0.2","0.5",2022-08-30 16:26:59,"Deans2",0.2,0.5,0.35
"128","Deans","D4C",3,2022-08-30,"0.5","0.7",2022-08-30 16:33:19,"Deans2",0.5,0.7,0.6
"129","Deans","D4D",3,2022-08-30,"0.4","0.5",2022-08-30 16:40:07,"Deans2",0.4,0.5,0.45
"130","Deans","D5B",3,2022-08-30,"0.1","0.0",2022-08-30 16:44:29,"Deans2",0.1,0,0.05
"131","Deans","D5E",3,2022-08-30,"0.0","0.2",2022-08-30 16:48:03,"Deans2",0,0.2,0.1
"132","Deans","D1B",4,2022-08-30,"0.8","0.7",2022-08-30 20:13:43,"Deans2",0.8,0.7,0.75
"133","Deans","D1E",4,2022-08-30,"0.6","0.6",2022-08-30 20:17:50,"Deans2",0.6,0.6,0.6
"134","Deans","D2A",4,2022-08-30,"0.4","0.5",2022-08-30 20:23:32,"Deans2",0.4,0.5,0.45
"135","Deans","D2C",4,2022-08-30,"0.3","0.4",2022-08-30 20:29:30,"Deans2",0.3,0.4,0.35
"136","Deans","D2D",4,2022-08-30,"0.1","0.0",2022-08-30 20:37:18,"Deans2",0.1,0,0.05
"137","Deans","D3B",4,2022-08-30,"0.4","0.3",2022-08-30 20:41:43,"Deans2",0.4,0.3,0.35
"138","Deans","D3E",4,2022-08-30,"0.0","0.1",2022-08-30 20:46:48,"Deans2",0,0.1,0.05
"139","Deans","D4A",4,2022-08-30,"0.1","0.0",2022-08-30 20:50:06,"Deans2",0.1,0,0.05
"140","Deans","D4C",4,2022-08-30,"0.1","0.3",2022-08-30 20:55:45,"Deans2",0.1,0.3,0.2
"141","Deans","D4D",4,2022-08-30,"0.1","0.0",2022-08-30 21:02:28,"Deans2",0.1,0,0.05
"142","Deans","D5B",4,2022-08-30,"0.1","0.1",2022-08-30 21:07:08,"Deans2",0.1,0.1,0.1
"143","Deans","D5E",4,2022-08-30,"0.1","0.0",2022-08-30 21:10:52,"Deans2",0.1,0,0.05
"144","Deans","D1B",5,2022-08-30,"0.2","0.1",2022-08-30 22:08:36,"Deans2",0.2,0.1,0.15
"145","Deans","D1E",5,2022-08-30,"0.3","0.2",2022-08-30 22:12:22,"Deans2",0.3,0.2,0.25
"146","Deans","D2A",5,2022-08-30,"0.3","0.3",2022-08-30 22:16:14,"Deans2",0.3,0.3,0.3
"147","Deans","D2C",5,2022-08-30,"0.2","0.4",2022-08-30 22:23:39,"Deans2",0.2,0.4,0.3
"148","Deans","D2D",5,2022-08-30,"0.0","0.3",2022-08-30 22:29:35,"Deans2",0,0.3,0.15
"149","Deans","D3B",5,2022-08-30,"0.1","0.0",2022-08-30 22:34:00,"Deans2",0.1,0,0.05
"150","Deans","D3E",5,2022-08-30,"0.1","0.0",2022-08-30 22:38:15,"Deans2",0.1,0,0.05
"151","Deans","D4A",5,2022-08-30,"0.1","0.0",2022-08-30 22:41:05,"Deans2",0.1,0,0.05
"152","Deans","D4C",5,2022-08-30,"0.0","0.2",2022-08-30 22:48:01,"Deans2",0,0.2,0.1
"153","Deans","D4D",5,2022-08-30,"0.1","0.1",2022-08-30 22:55:04,"Deans2",0.1,0.1,0.1
"154","Deans","D5B",5,2022-08-30,"0.2","0.2",2022-08-30 22:58:57,"Deans2",0.2,0.2,0.2
"155","Deans","D5E",5,2022-08-30,"0.1","0.0",2022-08-30 23:02:38,"Deans2",0.1,0,0.05
"156","Deans","D1B",6,2022-08-31,"0.0","0.0",2022-08-31 01:43:41,"Deans2",0,0,0
"157","Deans","D1E",6,2022-08-31,"0.0","0.1",2022-08-31 01:49:43,"Deans2",0,0.1,0.05
"158","Deans","D2A",6,2022-08-31,"0.0","0.0",2022-08-31 01:53:32,"Deans2",0,0,0
"159","Deans","D2C",6,2022-08-31,"0.1","0.1",2022-08-31 02:00:03,"Deans2",0.1,0.1,0.1
"160","Deans","D2D",6,2022-08-31,"0.2","0.0",2022-08-31 02:06:57,"Deans2",0.2,0,0.1
"161","Deans","D3B",6,2022-08-31,"0.4","0.5",2022-08-31 02:11:44,"Deans2",0.4,0.5,0.45
"162","Deans","D3E",6,2022-08-31,"0.0","0.0",2022-08-31 02:15:09,"Deans2",0,0,0
"163","Deans","D4A",6,2022-08-31,"0.0","0.1",2022-08-31 02:18:25,"Deans2",0,0.1,0.05
"164","Deans","D4C",6,2022-08-31,"0.0","0.0",2022-08-31 02:25:08,"Deans2",0,0,0
"165","Deans","D4D",6,2022-08-31,"0.0","0.0",2022-08-31 02:32:56,"Deans2",0,0,0
"166","Deans","D5B",6,2022-08-31,"0.0","0.1",2022-08-31 02:38:02,"Deans2",0,0.1,0.05
"167","Deans","D5E",6,2022-08-31,"0.0","0.0",2022-08-31 02:42:36,"Deans2",0,0,0
"168","Deans","D1B",7,2022-08-31,"0.3","0.2",2022-08-31 04:29:12,"Deans2",0.3,0.2,0.25
"169","Deans","D1E",7,2022-08-31,"0.0","0.0",2022-08-31 04:32:59,"Deans2",0,0,0
"170","Deans","D2A",7,2022-08-31,"0.0","0.0",2022-08-31 04:36:38,"Deans2",0,0,0
"171","Deans","D2C",7,2022-08-31,"0.1","0.1",2022-08-31 04:41:16,"Deans2",0.1,0.1,0.1
"172","Deans","D2D",7,2022-08-31,"0.1","0.0",2022-08-31 04:47:50,"Deans2",0.1,0,0.05
"173","Deans","D3B",7,2022-08-31,"0.0","0.0",2022-08-31 04:52:29,"Deans2",0,0,0
"174","Deans","D3E",7,2022-08-31,"0.0","0.0",2022-08-31 04:56:05,"Deans2",0,0,0
"175","Deans","D4A",7,2022-08-31,"0.0","0.2",2022-08-31 04:58:47,"Deans2",0,0.2,0.1
"176","Deans","D4C",7,2022-08-31,"0.2","0.2",2022-08-31 05:04:44,"Deans2",0.2,0.2,0.2
"177","Deans","D4D",7,2022-08-31,"0.0","0.0",2022-08-31 05:08:21,"Deans2",0,0,0
"178","Deans","D5B",7,2022-08-31,"0.0","0.0",2022-08-31 05:12:17,"Deans2",0,0,0
"179","Deans","D5E",7,2022-08-31,"0.0","0.0",2022-08-31 05:15:59,"Deans2",0,0,0
"180","Deans","D1B",8,2022-08-31,"0.1","0.3",2022-08-31 07:16:04,"Deans2",0.1,0.3,0.2
"181","Deans","D1E",8,2022-08-31,"0.1","0.1",2022-08-31 07:19:36,"Deans2",0.1,0.1,0.1
"182","Deans","D2A",8,2022-08-31,"0.0","0.0",2022-08-31 07:22:53,"Deans2",0,0,0
"183","Deans","D2C",8,2022-08-31,"0.2","0.1",2022-08-31 07:27:45,"Deans2",0.2,0.1,0.15
"184","Deans","D2D",8,2022-08-31,"0.0","0.3",2022-08-31 07:32:11,"Deans2",0,0.3,0.15
"185","Deans","D3B",8,2022-08-31,"0.3","0.1",2022-08-31 07:36:11,"Deans2",0.3,0.1,0.2
"186","Deans","D3E",8,2022-08-31,"0.0","0.0",2022-08-31 07:39:49,"Deans2",0,0,0
"187","Deans","D4A",8,2022-08-31,"0.1","0.0",2022-08-31 07:42:55,"Deans2",0.1,0,0.05
"188","Deans","D4C",8,2022-08-31,"0.1","0.2",2022-08-31 07:48:17,"Deans2",0.1,0.2,0.15
"189","Deans","D4D",8,2022-08-31,"0.0","0.0",2022-08-31 07:52:48,"Deans2",0,0,0
"190","Deans","D5B",8,2022-08-31,"0.0","0.1",2022-08-31 07:56:22,"Deans2",0,0.1,0.05
"191","Deans","D5E",8,2022-08-31,"0.0","0.0",2022-08-31 08:00:04,"Deans2",0,0,0
"192","Catfish","C1B",1,2022-09-06,"0.6","0.7",2022-09-06 10:06:06,"Catfish1",0.6,0.7,0.65
"193","Catfish","C1E",1,2022-09-06,"0.0","0.3",2022-09-06 10:08:56,"Catfish1",0,0.3,0.15
"194","Catfish","C2A",1,2022-09-06,"0.3","0.3",2022-09-06 10:11:45,"Catfish1",0.3,0.3,0.3
"195","Catfish","C2C",1,2022-09-06,"0.6","0.0",2022-09-06 10:18:23,"Catfish1",0.6,0,0.3
"196","Catfish","C2D",1,2022-09-06,"0.7","0.8",2022-09-06 10:22:49,"Catfish1",0.7,0.8,0.75
"197","Catfish","C3B",1,2022-09-06,"0.8","0.9",2022-09-06 10:25:55,"Catfish1",0.8,0.9,0.85
"198","Catfish","C3E",1,2022-09-06,"0.2","0.1",2022-09-06 10:28:42,"Catfish1",0.2,0.1,0.15
"199","Catfish","C4A",1,2022-09-06,"0.4","0.3",2022-09-06 10:32:08,"Catfish1",0.4,0.3,0.35
"200","Catfish","C4C",1,2022-09-06,"0.0","0.4",2022-09-06 10:37:29,"Catfish1",0,0.4,0.2
"201","Catfish","C4D",1,2022-09-06,"0.0","0.0",2022-09-06 10:43:26,"Catfish1",0,0,0
"202","Catfish","C5B",1,2022-09-06,"0.2","0.0",2022-09-06 10:47:55,"Catfish1",0.2,0,0.1
"203","Catfish","C5E",1,2022-09-06,"0.0","0.0",2022-09-06 10:51:05,"Catfish1",0,0,0
"204","Catfish","C1B",2,2022-09-06,"0.2","0.2",2022-09-06 13:02:22,"Catfish1",0.2,0.2,0.2
"205","Catfish","C1E",2,2022-09-06,"0.0","0.0",2022-09-06 13:05:52,"Catfish1",0,0,0
"206","Catfish","C2A",2,2022-09-06,"0.0","0.5",2022-09-06 13:08:54,"Catfish1",0,0.5,0.25
"207","Catfish","C2C",2,2022-09-06,"0.8","0.6",2022-09-06 13:15:08,"Catfish1",0.8,0.6,0.7
"208","Catfish","C2D",2,2022-09-06,"0.4","0.1",2022-09-06 13:26:21,"Catfish1",0.4,0.1,0.25
"209","Catfish","C3B",2,2022-09-06,"0.4","0.2",2022-09-06 13:29:38,"Catfish1",0.4,0.2,0.3
"210","Catfish","C3E",2,2022-09-06,"0.1","0.1",2022-09-06 13:32:44,"Catfish1",0.1,0.1,0.1
"211","Catfish","C4A",2,2022-09-06,"0.1","0.6",2022-09-06 13:36:10,"Catfish1",0.1,0.6,0.35
"212","Catfish","C4C",2,2022-09-06,"0.2","0.1",2022-09-06 13:43:02,"Catfish1",0.2,0.1,0.15
"213","Catfish","C4D",2,2022-09-06,"0.1","0.2",2022-09-06 13:50:51,"Catfish1",0.1,0.2,0.15
"214","Catfish","C5B",2,2022-09-06,"0.1","0.2",2022-09-06 13:54:55,"Catfish1",0.1,0.2,0.15
"215","Catfish","C5E",2,2022-09-06,"0.0","0.0",2022-09-06 13:58:42,"Catfish1",0,0,0
"216","Catfish","C1B",3,2022-09-06,"0.3","0.2",2022-09-06 15:53:56,"Catfish1",0.3,0.2,0.25
"217","Catfish","C1E",3,2022-09-06,"0.0","0.0",2022-09-06 15:56:39,"Catfish1",0,0,0
"218","Catfish","C2A",3,2022-09-06,"0.2","0.6",2022-09-06 15:59:39,"Catfish1",0.2,0.6,0.4
"219","Catfish","C2C",3,2022-09-06,"0.5","0.2",2022-09-06 16:07:14,"Catfish1",0.5,0.2,0.35
"220","Catfish","C2D",3,2022-09-06,"0.2","0.2",2022-09-06 16:16:42,"Catfish1",0.2,0.2,0.2
"221","Catfish","C3B",3,2022-09-06,"0.5","0.3",2022-09-06 16:20:41,"Catfish1",0.5,0.3,0.4
"222","Catfish","C3E",3,2022-09-06,"0.2","0.2",2022-09-06 16:24:18,"Catfish1",0.2,0.2,0.2
"223","Catfish","C4A",3,2022-09-06,"0.2","0.1",2022-09-06 16:27:20,"Catfish1",0.2,0.1,0.15
"224","Catfish","C4C",3,2022-09-06,"0.2","0.3",2022-09-06 16:38:22,"Catfish1",0.2,0.3,0.25
"225","Catfish","C4D",3,2022-09-06,"0.3","0.1",2022-09-06 16:44:53,"Catfish1",0.3,0.1,0.2
"226","Catfish","C5B",3,2022-09-06,"0.1","0.3",2022-09-06 16:49:56,"Catfish1",0.1,0.3,0.2
"227","Catfish","C5E",3,2022-09-06,"0.0","0.0",2022-09-06 16:52:43,"Catfish1",0,0,0
"228","Catfish","C1B",4,2022-09-06,"0.7",NA,2022-09-06 18:56:56,"Catfish1",0.7,NA,0.7
"229","Catfish","C1E",4,2022-09-06,"0.2",NA,2022-09-06 18:59:39,"Catfish1",0.2,NA,0.2
"230","Catfish","C2A",4,2022-09-06,"0.4",NA,2022-09-06 19:02:25,"Catfish1",0.4,NA,0.4
"231","Catfish","C2C",4,2022-09-06,"0.4",NA,2022-09-06 19:11:18,"Catfish1",0.4,NA,0.4
"232","Catfish","C2D",4,2022-09-06,"0.4",NA,2022-09-06 19:17:36,"Catfish1",0.4,NA,0.4
"233","Catfish","C3B",4,2022-09-06,"0.3",NA,2022-09-06 19:20:45,"Catfish1",0.3,NA,0.3
"234","Catfish","C3E",4,2022-09-06,"0.1",NA,2022-09-06 19:23:23,"Catfish1",0.1,NA,0.1
"235","Catfish","C4A",4,2022-09-06,"0.1",NA,2022-09-06 19:26:14,"Catfish1",0.1,NA,0.1
"236","Catfish","C4C",4,2022-09-06,"0.1",NA,2022-09-06 19:33:15,"Catfish1",0.1,NA,0.1
"237","Catfish","C4D",4,2022-09-06,"0.2",NA,2022-09-06 19:41:29,"Catfish1",0.2,NA,0.2
"238","Catfish","C5B",4,2022-09-06,"0.0",NA,2022-09-06 19:44:41,"Catfish1",0,NA,0
"239","Catfish","C5E",4,2022-09-06,"0.0",NA,2022-09-06 19:51:18,"Catfish1",0,NA,0
"240","Catfish","C1B",5,2022-09-06,"0.0",NA,2022-09-06 21:56:38,"Catfish1",0,NA,0
"241","Catfish","C1E",5,2022-09-06,"0.3",NA,2022-09-06 21:59:57,"Catfish1",0.3,NA,0.3
"242","Catfish","C2A",5,2022-09-06,"0.2",NA,2022-09-06 22:03:24,"Catfish1",0.2,NA,0.2
"243","Catfish","C2C",5,2022-09-06,"0.1",NA,2022-09-06 22:13:08,"Catfish1",0.1,NA,0.1
"244","Catfish","C2D",5,2022-09-06,"0.0",NA,2022-09-06 22:19:15,"Catfish1",0,NA,0
"245","Catfish","C3B",5,2022-09-06,"0.0",NA,2022-09-06 22:22:35,"Catfish1",0,NA,0
"246","Catfish","C3E",5,2022-09-06,"0.0",NA,2022-09-06 22:25:18,"Catfish1",0,NA,0
"247","Catfish","C4A",5,2022-09-06,"0.0",NA,2022-09-06 22:28:06,"Catfish1",0,NA,0
"248","Catfish","C4C",5,2022-09-06,"0.3",NA,2022-09-06 22:36:01,"Catfish1",0.3,NA,0.3
"249","Catfish","C4D",5,2022-09-06,"0.0",NA,2022-09-06 22:42:50,"Catfish1",0,NA,0
"250","Catfish","C5B",5,2022-09-06,"0.0",NA,2022-09-06 22:46:53,"Catfish1",0,NA,0
"251","Catfish","C5E",5,2022-09-06,"0.0",NA,2022-09-06 22:50:12,"Catfish1",0,NA,0
"252","Catfish","C1B",6,2022-09-07,"0.0","0.0",2022-09-07 01:02:31,"Catfish1",0,0,0
"253","Catfish","C1E",6,2022-09-07,"0.1","0.1",2022-09-07 01:06:27,"Catfish1",0.1,0.1,0.1
"254","Catfish","C2A",6,2022-09-07,"0.0","0.0",2022-09-07 01:09:38,"Catfish1",0,0,0
"255","Catfish","C2C",6,2022-09-07,"0.0","0.0",2022-09-07 01:17:03,"Catfish1",0,0,0
"256","Catfish","C2D",6,2022-09-07,"0.0","0.0",2022-09-07 01:24:07,"Catfish1",0,0,0
"257","Catfish","C3B",6,2022-09-07,"0.0","0.0",2022-09-07 01:28:33,"Catfish1",0,0,0
"258","Catfish","C3E",6,2022-09-07,"0.0","0.0",2022-09-07 01:31:46,"Catfish1",0,0,0
"259","Catfish","C4A",6,2022-09-07,"0.1","0.1",2022-09-07 01:35:12,"Catfish1",0.1,0.1,0.1
"260","Catfish","C4C",6,2022-09-07,"0.0","0.1",2022-09-07 01:40:52,"Catfish1",0,0.1,0.05
"261","Catfish","C4D",6,2022-09-07,"0.0","0.1",2022-09-07 01:51:12,"Catfish1",0,0.1,0.05
"262","Catfish","C5B",6,2022-09-07,"0.0","0.0",2022-09-07 01:56:43,"Catfish1",0,0,0
"263","Catfish","C5E",6,2022-09-07,"0.0","0.0",2022-09-07 02:00:25,"Catfish1",0,0,0
"264","Catfish","C1B",7,2022-09-07,"0.2","0.0",2022-09-07 04:12:07,"Catfish1",0.2,0,0.1
"265","Catfish","C1E",7,2022-09-07,"0.0","0.0",2022-09-07 04:15:40,"Catfish1",0,0,0
"266","Catfish","C2A",7,2022-09-07,"0.0","0.0",2022-09-07 04:18:43,"Catfish1",0,0,0
"267","Catfish","C2C",7,2022-09-07,"0.2","0.3",2022-09-07 04:25:53,"Catfish1",0.2,0.3,0.25
"268","Catfish","C2D",7,2022-09-07,"0.1","0.1",2022-09-07 04:31:21,"Catfish1",0.1,0.1,0.1
"269","Catfish","C3B",7,2022-09-07,"0.0","0.0",2022-09-07 04:35:50,"Catfish1",0,0,0
"270","Catfish","C3E",7,2022-09-07,"0.0","0.0",2022-09-07 04:39:58,"Catfish1",0,0,0
"271","Catfish","C4A",7,2022-09-07,"0.0","0.2",2022-09-07 04:43:37,"Catfish1",0,0.2,0.1
"272","Catfish","C4C",7,2022-09-07,"0.0","0.0",2022-09-07 04:52:21,"Catfish1",0,0,0
"273","Catfish","C4D",7,2022-09-07,"0.0","0.1",2022-09-07 04:58:46,"Catfish1",0,0.1,0.05
"274","Catfish","C5B",7,2022-09-07,"0.0","0.0",2022-09-07 05:03:49,"Catfish1",0,0,0
"275","Catfish","C5E",7,2022-09-07,"0.0","0.0",2022-09-07 05:07:14,"Catfish1",0,0,0
"276","Catfish","C1B",8,2022-09-07,"0.1","0.2",2022-09-07 07:07:00,"Catfish1",0.1,0.2,0.15
"277","Catfish","C1E",8,2022-09-07,"0.0","0.0",2022-09-07 07:10:45,"Catfish1",0,0,0
"278","Catfish","C2A",8,2022-09-07,"0.0","0.0",2022-09-07 07:13:34,"Catfish1",0,0,0
"279","Catfish","C2C",8,2022-09-07,"0.0","0.1",2022-09-07 07:20:35,"Catfish1",0,0.1,0.05
"280","Catfish","C2D",8,2022-09-07,"0.0","0.0",2022-09-07 07:25:56,"Catfish1",0,0,0
"281","Catfish","C3B",8,2022-09-07,"0.2","0.1",2022-09-07 07:29:31,"Catfish1",0.2,0.1,0.15
"282","Catfish","C3E",8,2022-09-07,"0.0","0.0",2022-09-07 07:32:19,"Catfish1",0,0,0
"283","Catfish","C4A",8,2022-09-07,"0.0","0.0",2022-09-07 07:36:15,"Catfish1",0,0,0
"284","Catfish","C4C",8,2022-09-07,"0.0","0.1",2022-09-07 07:39:42,"Catfish1",0,0.1,0.05
"285","Catfish","C4D",8,2022-09-07,"0.4","0.5",2022-09-07 07:45:53,"Catfish1",0.4,0.5,0.45
"286","Catfish","C5B",8,2022-09-07,"0.0","0.0",2022-09-07 07:50:03,"Catfish1",0,0,0
"287","Catfish","C5E",8,2022-09-07,"0.0","0.0",2022-09-07 07:53:39,"Catfish1",0,0,0
"288","Catfish","C1B",1,2022-09-18,"0.5","0.6",2022-09-18 10:04:11,"Catfish2",0.5,0.6,0.55
"289","Catfish","C1E",1,2022-09-18,"0.0","0.1",2022-09-18 10:09:10,"Catfish2",0,0.1,0.05
"290","Catfish","C2A",1,2022-09-18,"0.1","0.1",2022-09-18 10:13:15,"Catfish2",0.1,0.1,0.1
"291","Catfish","C2C",1,2022-09-18,"0.1","0.1",2022-09-18 10:23:57,"Catfish2",0.1,0.1,0.1
"292","Catfish","C2D",1,2022-09-18,"0.3","0.4",2022-09-18 10:32:07,"Catfish2",0.3,0.4,0.35
"293","Catfish","C3B",1,2022-09-18,"0.7","0.8",2022-09-18 10:35:26,"Catfish2",0.7,0.8,0.75
"294","Catfish","C3E",1,2022-09-18,"0.4","0.3",2022-09-18 10:38:12,"Catfish2",0.4,0.3,0.35
"295","Catfish","C4A",1,2022-09-18,"0.1","0.0",2022-09-18 10:41:36,"Catfish2",0.1,0,0.05
"296","Catfish","C4C",1,2022-09-18,"0.1","0.0",2022-09-18 10:49:11,"Catfish2",0.1,0,0.05
"297","Catfish","C4D",1,2022-09-18,"1.8","1.7",2022-09-18 10:53:35,"Catfish2",1.8,1.7,1.75
"298","Catfish","C5B",1,2022-09-18,"0.3","0.4",2022-09-18 10:56:49,"Catfish2",0.3,0.4,0.35
"299","Catfish","C5E",1,2022-09-18,"0.0","0.0",2022-09-18 10:59:34,"Catfish2",0,0,0
"300","Catfish","C1B",2,2022-09-18,"0.0","0.0",2022-09-18 12:59:45,"Catfish2",0,0,0
"301","Catfish","C1E",2,2022-09-18,"0.1","0.0",2022-09-18 13:03:03,"Catfish2",0.1,0,0.05
"302","Catfish","C2A",2,2022-09-18,"0.0","0.1",2022-09-18 13:06:04,"Catfish2",0,0.1,0.05
"303","Catfish","C2C",2,2022-09-18,"0.2","0.3",2022-09-18 13:13:40,"Catfish2",0.2,0.3,0.25
"304","Catfish","C2D",2,2022-09-18,"0.3","0.4",2022-09-18 13:18:44,"Catfish2",0.3,0.4,0.35
"305","Catfish","C3B",2,2022-09-18,"0.5","0.6",2022-09-18 13:22:24,"Catfish2",0.5,0.6,0.55
"306","Catfish","C3E",2,2022-09-18,"0.1","0.1",2022-09-18 13:25:34,"Catfish2",0.1,0.1,0.1
"307","Catfish","C4A",2,2022-09-18,"0.0","0.0",2022-09-18 13:28:39,"Catfish2",0,0,0
"308","Catfish","C4C",2,2022-09-18,"0.2","0.2",2022-09-18 13:34:06,"Catfish2",0.2,0.2,0.2
"309","Catfish","C4D",2,2022-09-18,"0.5","0.6",2022-09-18 13:43:04,"Catfish2",0.5,0.6,0.55
"310","Catfish","C5B",2,2022-09-18,"0.3","0.4",2022-09-18 13:47:14,"Catfish2",0.3,0.4,0.35
"311","Catfish","C5E",2,2022-09-18,"1.3","1.4",2022-09-18 13:50:04,"Catfish2",1.3,1.4,1.35
"312","Catfish","C1B",3,2022-09-18,"0.6","0.5",2022-09-18 15:53:20,"Catfish2",0.6,0.5,0.55
"313","Catfish","C1E",3,2022-09-18,"0.1","0.1",2022-09-18 15:56:37,"Catfish2",0.1,0.1,0.1
"314","Catfish","C2A",3,2022-09-18,"0.4","0.5",2022-09-18 15:59:43,"Catfish2",0.4,0.5,0.45
"315","Catfish","C2C",3,2022-09-18,"0.2","0.2",2022-09-18 16:05:17,"Catfish2",0.2,0.2,0.2
"316","Catfish","C2D",3,2022-09-18,"0.3","0.3",2022-09-18 16:10:02,"Catfish2",0.3,0.3,0.3
"317","Catfish","C3B",3,2022-09-18,"0.4","0.3",2022-09-18 16:13:06,"Catfish2",0.4,0.3,0.35
"318","Catfish","C3E",3,2022-09-18,"0.6","0.6",2022-09-18 16:15:34,"Catfish2",0.6,0.6,0.6
"319","Catfish","C4A",3,2022-09-18,"0.5","0.5",2022-09-18 16:18:46,"Catfish2",0.5,0.5,0.5
"320","Catfish","C4C",3,2022-09-18,"0.3","0.4",2022-09-18 16:25:29,"Catfish2",0.3,0.4,0.35
"321","Catfish","C4D",3,2022-09-18,"0.8","0.7",2022-09-18 16:31:48,"Catfish2",0.8,0.7,0.75
"322","Catfish","C5B",3,2022-09-18,"0.0","0.0",2022-09-18 16:35:54,"Catfish2",0,0,0
"323","Catfish","C5E",3,2022-09-18,"0.1","0.1",2022-09-18 16:39:07,"Catfish2",0.1,0.1,0.1
"324","Catfish","C1B",4,2022-09-18,"0.4",NA,2022-09-18 18:55:05,"Catfish2",0.4,NA,0.4
"325","Catfish","C1E",4,2022-09-18,"0",NA,2022-09-18 18:57:56,"Catfish2",0,NA,0
"326","Catfish","C2A",4,2022-09-18,"0.3",NA,2022-09-18 19:00:37,"Catfish2",0.3,NA,0.3
"327","Catfish","C2C",4,2022-09-18,"0.4",NA,2022-09-18 19:06:49,"Catfish2",0.4,NA,0.4
"328","Catfish","C2D",4,2022-09-18,"0.3",NA,2022-09-18 19:11:07,"Catfish2",0.3,NA,0.3
"329","Catfish","C3B",4,2022-09-18,"0.1",NA,2022-09-18 19:14:05,"Catfish2",0.1,NA,0.1
"330","Catfish","C3E",4,2022-09-18,"0.4",NA,2022-09-18 19:16:34,"Catfish2",0.4,NA,0.4
"331","Catfish","C4A",4,2022-09-18,"0.3",NA,2022-09-18 19:19:10,"Catfish2",0.3,NA,0.3
"332","Catfish","C4C",4,2022-09-18,"0.3",NA,2022-09-18 19:24:41,"Catfish2",0.3,NA,0.3
"333","Catfish","C4D",4,2022-09-18,"0.1",NA,2022-09-18 19:32:06,"Catfish2",0.1,NA,0.1
"334","Catfish","C5B",4,2022-09-18,"0",NA,2022-09-18 19:35:42,"Catfish2",0,NA,0
"335","Catfish","C5E",4,2022-09-18,"0.1",NA,2022-09-18 19:38:42,"Catfish2",0.1,NA,0.1
"336","Catfish","C1B",5,2022-09-18,"0",NA,2022-09-18 22:02:14,"Catfish2",0,NA,0
"337","Catfish","C1E",5,2022-09-18,"0.1",NA,2022-09-18 22:05:30,"Catfish2",0.1,NA,0.1
"338","Catfish","C2A",5,2022-09-18,"0",NA,2022-09-18 22:08:43,"Catfish2",0,NA,0
"339","Catfish","C2C",5,2022-09-18,"0.1",NA,2022-09-18 22:15:32,"Catfish2",0.1,NA,0.1
"340","Catfish","C2D",5,2022-09-18,"0.1",NA,2022-09-18 22:21:54,"Catfish2",0.1,NA,0.1
"341","Catfish","C3B",5,2022-09-18,"0",NA,2022-09-18 22:25:27,"Catfish2",0,NA,0
"342","Catfish","C3E",5,2022-09-18,"0",NA,2022-09-18 22:28:24,"Catfish2",0,NA,0
"343","Catfish","C4A",5,2022-09-18,"0",NA,2022-09-18 22:31:45,"Catfish2",0,NA,0
"344","Catfish","C4C",5,2022-09-18,"0",NA,2022-09-18 22:37:55,"Catfish2",0,NA,0
"345","Catfish","C4D",5,2022-09-18,"0",NA,2022-09-18 22:43:59,"Catfish2",0,NA,0
"346","Catfish","C5B",5,2022-09-18,"0",NA,2022-09-18 22:47:47,"Catfish2",0,NA,0
"347","Catfish","C5E",5,2022-09-18,"0",NA,2022-09-18 22:51:58,"Catfish2",0,NA,0
"348","Catfish","C1B",6,2022-09-19,"0.0","0.0",2022-09-19 01:03:47,"Catfish2",0,0,0
"349","Catfish","C1E",6,2022-09-19,"0.0","0.0",2022-09-19 01:07:17,"Catfish2",0,0,0
"350","Catfish","C2A",6,2022-09-19,"0.0","0.0",2022-09-19 01:11:05,"Catfish2",0,0,0
"351","Catfish","C2C",6,2022-09-19,"0.1","0.1",2022-09-19 01:19:29,"Catfish2",0.1,0.1,0.1
"352","Catfish","C2D",6,2022-09-19,"0.0","0.0",2022-09-19 01:26:02,"Catfish2",0,0,0
"353","Catfish","C3B",6,2022-09-19,"0.0","0.0",2022-09-19 01:29:54,"Catfish2",0,0,0
"354","Catfish","C3E",6,2022-09-19,"0.1","0.1",2022-09-19 01:33:26,"Catfish2",0.1,0.1,0.1
"355","Catfish","C4A",6,2022-09-19,"0.0","0.2",2022-09-19 01:36:44,"Catfish2",0,0.2,0.1
"356","Catfish","C4C",6,2022-09-19,"0.1","0.4",2022-09-19 01:44:43,"Catfish2",0.1,0.4,0.25
"357","Catfish","C4D",6,2022-09-19,"0.0","0.0",2022-09-19 01:49:42,"Catfish2",0,0,0
"358","Catfish","C5B",6,2022-09-19,"0.0","0.0",2022-09-19 01:53:48,"Catfish2",0,0,0
"359","Catfish","C5E",6,2022-09-19,"0.0","0.0",2022-09-19 01:57:00,"Catfish2",0,0,0
"360","Catfish","C1B",7,2022-09-19,"0.1","0.2",2022-09-19 04:08:32,"Catfish2",0.1,0.2,0.15
"361","Catfish","C1E",7,2022-09-19,"0.0","0.0",2022-09-19 04:11:49,"Catfish2",0,0,0
"362","Catfish","C2A",7,2022-09-19,"0.0","0.0",2022-09-19 04:15:07,"Catfish2",0,0,0
"363","Catfish","C2C",7,2022-09-19,"0.0","0.0",2022-09-19 04:21:11,"Catfish2",0,0,0
"364","Catfish","C2D",7,2022-09-19,"0.0","0.0",2022-09-19 04:27:45,"Catfish2",0,0,0
"365","Catfish","C3B",7,2022-09-19,"0.0","0.0",2022-09-19 04:31:17,"Catfish2",0,0,0
"366","Catfish","C3E",7,2022-09-19,"0.1","0.0",2022-09-19 04:34:41,"Catfish2",0.1,0,0.05
"367","Catfish","C4A",7,2022-09-19,"0.0","0.0",2022-09-19 04:38:09,"Catfish2",0,0,0
"368","Catfish","C4C",7,2022-09-19,"0.1","0.0",2022-09-19 04:45:14,"Catfish2",0.1,0,0.05
"369","Catfish","C4D",7,2022-09-19,"0.0","0.0",2022-09-19 04:48:49,"Catfish2",0,0,0
"370","Catfish","C5B",7,2022-09-19,"0.3","0.2",2022-09-19 04:52:16,"Catfish2",0.3,0.2,0.25
"371","Catfish","C5E",7,2022-09-19,"0.0","0.0",2022-09-19 04:54:50,"Catfish2",0,0,0
"372","Catfish","C1B",8,2022-09-19,"0.0","0.0",2022-09-19 07:23:05,"Catfish2",0,0,0
"373","Catfish","C1E",8,2022-09-19,"0.0","0.0",2022-09-19 07:26:24,"Catfish2",0,0,0
"374","Catfish","C2A",8,2022-09-19,"0.0","0.0",2022-09-19 07:29:20,"Catfish2",0,0,0
"375","Catfish","C2C",8,2022-09-19,"0.0","0.0",2022-09-19 07:35:25,"Catfish2",0,0,0
"376","Catfish","C2D",8,2022-09-19,"0.0","0.0",2022-09-19 07:41:05,"Catfish2",0,0,0
"377","Catfish","C3B",8,2022-09-19,"0.2","0.3",2022-09-19 07:44:22,"Catfish2",0.2,0.3,0.25
"378","Catfish","C3E",8,2022-09-19,"0.0","0.0",2022-09-19 07:47:20,"Catfish2",0,0,0
"379","Catfish","C4A",8,2022-09-19,"0.0","0.0",2022-09-19 07:50:13,"Catfish2",0,0,0
"380","Catfish","C4C",8,2022-09-19,"0.0","0.0",2022-09-19 07:55:48,"Catfish2",0,0,0
"381","Catfish","C4D",8,2022-09-19,"0.1","0.0",2022-09-19 08:00:10,"Catfish2",0.1,0,0.05
"382","Catfish","C5B",8,2022-09-19,"0.0","0.1",2022-09-19 08:04:43,"Catfish2",0,0.1,0.05
"383","Catfish","C5E",8,2022-09-19,"0.0","0.0",2022-09-19 08:08:01,"Catfish2",0,0,0
"384","Picks","P1B",1,2022-09-13,"0.0","0.2",2022-09-13 10:36:48,"Pick1",0,0.2,0.1
"385","Picks","P1E",1,2022-09-13,"0.0","0.3",2022-09-13 10:41:45,"Pick1",0,0.3,0.15
"386","Picks","P2A",1,2022-09-13,"0.2","0.2",2022-09-13 10:45:18,"Pick1",0.2,0.2,0.2
"387","Picks","P2C",1,2022-09-13,"1.0","0.7",2022-09-13 10:50:43,"Pick1",1,0.7,0.85
"388","Picks","P2D",1,2022-09-13,"0.1","0.1",2022-09-13 10:55:06,"Pick1",0.1,0.1,0.1
"389","Picks","P3B",1,2022-09-13,"0.0","0.3",2022-09-13 10:59:31,"Pick1",0,0.3,0.15
"390","Picks","P3E",1,2022-09-13,"0.2","0.5",2022-09-13 11:03:01,"Pick1",0.2,0.5,0.35
"391","Picks","P4A",1,2022-09-13,"0.3.","0.4",2022-09-13 11:08:31,"Pick1",NA,0.4,0.4
"392","Picks","P4C",1,2022-09-13,"0.1","0.0",2022-09-13 11:11:59,"Pick1",0.1,0,0.05
"393","Picks","P4D",1,2022-09-13,"0.9","0.9",2022-09-13 11:15:45,"Pick1",0.9,0.9,0.9
"394","Picks","P5B",1,2022-09-13,"0.1","0.0",2022-09-13 11:19:28,"Pick1",0.1,0,0.05
"395","Picks","P5E",1,2022-09-13,"0.6","0.3",2022-09-13 11:24:19,"Pick1",0.6,0.3,0.45
"396","Picks","P1B",2,2022-09-13,"0.2","1.4",2022-09-13 12:55:58,"Pick1",0.2,1.4,0.8
"397","Picks","P1E",2,2022-09-13,"0.4","0.5",2022-09-13 13:00:13,"Pick1",0.4,0.5,0.45
"398","Picks","P2A",2,2022-09-13,"0.6","0.9",2022-09-13 13:06:06,"Pick1",0.6,0.9,0.75
"399","Picks","P2C",2,2022-09-13,"0.7","0.6",2022-09-13 13:10:43,"Pick1",0.7,0.6,0.65
"400","Picks","P2D",2,2022-09-13,"0.1","0.1",2022-09-13 13:15:15,"Pick1",0.1,0.1,0.1
"401","Picks","P3B",2,2022-09-13,"0.4","0.5",2022-09-13 13:19:52,"Pick1",0.4,0.5,0.45
"402","Picks","P3E",2,2022-09-13,"0.4","0.6",2022-09-13 13:23:14,"Pick1",0.4,0.6,0.5
"403","Picks","P4A",2,2022-09-13,"0.3","0.7",2022-09-13 13:27:33,"Pick1",0.3,0.7,0.5
"404","Picks","P4C",2,2022-09-13,"1.1","1.0",2022-09-13 13:33:08,"Pick1",1.1,1,1.05
"405","Picks","P4D",2,2022-09-13,"0.1","0.1",2022-09-13 13:36:49,"Pick1",0.1,0.1,0.1
"406","Picks","P5B",2,2022-09-13,"0.5","0.7",2022-09-13 13:43:50,"Pick1",0.5,0.7,0.6
"407","Picks","P5E",2,2022-09-13,"0.1","0.2",2022-09-13 13:49:22,"Pick1",0.1,0.2,0.15
"408","Picks","P1B",3,2022-09-13,"0.2","0.2",2022-09-13 16:09:17,"Pick1",0.2,0.2,0.2
"409","Picks","P1E",3,2022-09-13,"0.1","0.1",2022-09-13 16:13:58,"Pick1",0.1,0.1,0.1
"410","Picks","P2A",3,2022-09-13,"0.5","0.4",2022-09-13 16:19:02,"Pick1",0.5,0.4,0.45
"411","Picks","P2C",3,2022-09-13,"0.2","0.2",2022-09-13 16:23:02,"Pick1",0.2,0.2,0.2
"412","Picks","P2D",3,2022-09-13,"0.5","0.1",2022-09-13 16:27:53,"Pick1",0.5,0.1,0.3
"413","Picks","P3B",3,2022-09-13,"0.2","0.1",2022-09-13 16:32:45,"Pick1",0.2,0.1,0.15
"414","Picks","P3E",3,2022-09-13,"0.2","0.2",2022-09-13 16:36:45,"Pick1",0.2,0.2,0.2
"415","Picks","P4A",3,2022-09-13,"0.5","0.1",2022-09-13 16:40:46,"Pick1",0.5,0.1,0.3
"416","Picks","P4C",3,2022-09-13,"0.9","0.8",2022-09-13 16:50:17,"Pick1",0.9,0.8,0.85
"417","Picks","P4D",3,2022-09-13,"0.0","0.0",2022-09-13 16:56:12,"Pick1",0,0,0
"418","Picks","P5B",3,2022-09-13,"0.3","0.5",2022-09-13 17:02:35,"Pick1",0.3,0.5,0.4
"419","Picks","P5E",3,2022-09-13,"0.3","0.3",2022-09-13 17:09:04,"Pick1",0.3,0.3,0.3
"420","Picks","P1B",4,2022-09-13,"0.3",NA,2022-09-13 19:08:52,"Pick1",0.3,NA,0.3
"421","Picks","P1E",4,2022-09-13,"0.1",NA,2022-09-13 19:13:19,"Pick1",0.1,NA,0.1
"422","Picks","P2A",4,2022-09-13,"0.1",NA,2022-09-13 19:16:28,"Pick1",0.1,NA,0.1
"423","Picks","P2C",4,2022-09-13,"0",NA,2022-09-13 19:22:50,"Pick1",0,NA,0
"424","Picks","P2D",4,2022-09-13,"0.1",NA,2022-09-13 19:27:41,"Pick1",0.1,NA,0.1
"425","Picks","P3B",4,2022-09-13,"0.2",NA,2022-09-13 19:32:38,"Pick1",0.2,NA,0.2
"426","Picks","P3E",4,2022-09-13,"0",NA,2022-09-13 19:37:19,"Pick1",0,NA,0
"427","Picks","P4A",4,2022-09-13,"0",NA,2022-09-13 19:42:03,"Pick1",0,NA,0
"428","Picks","P4C",4,2022-09-13,"0.1",NA,2022-09-13 19:46:58,"Pick1",0.1,NA,0.1
"429","Picks","P4D",4,2022-09-13,"0.1",NA,2022-09-13 19:51:24,"Pick1",0.1,NA,0.1
"430","Picks","P5B",4,2022-09-13,"0",NA,2022-09-13 19:56:49,"Pick1",0,NA,0
"431","Picks","P5E",4,2022-09-13,"0",NA,2022-09-13 20:02:59,"Pick1",0,NA,0
"432","Picks","P1B",5,2022-09-13,"0.3",NA,2022-09-13 21:58:40,"Pick1",0.3,NA,0.3
"433","Picks","P1E",5,2022-09-13,"0.3",NA,2022-09-13 22:02:18,"Pick1",0.3,NA,0.3
"434","Picks","P2A",5,2022-09-13,"0.6",NA,2022-09-13 22:05:49,"Pick1",0.6,NA,0.6
"435","Picks","P2C",5,2022-09-13,"0.3",NA,2022-09-13 22:11:12,"Pick1",0.3,NA,0.3
"436","Picks","P2D",5,2022-09-13,"0.3",NA,2022-09-13 22:14:59,"Pick1",0.3,NA,0.3
"437","Picks","P3B",5,2022-09-13,"0.1",NA,2022-09-13 22:20:08,"Pick1",0.1,NA,0.1
"438","Picks","P3E",5,2022-09-13,"0.2",NA,2022-09-13 22:24:47,"Pick1",0.2,NA,0.2
"439","Picks","P4A",5,2022-09-13,"0.5",NA,2022-09-13 22:28:44,"Pick1",0.5,NA,0.5
"440","Picks","P4C",5,2022-09-13,"0.2",NA,2022-09-13 22:39:46,"Pick1",0.2,NA,0.2
"441","Picks","P4D",5,2022-09-13,"0",NA,2022-09-13 22:42:38,"Pick1",0,NA,0
"442","Picks","P5B",5,2022-09-13,"0",NA,2022-09-13 22:49:09,"Pick1",0,NA,0
"443","Picks","P5E",5,2022-09-13,"0.3",NA,2022-09-13 22:54:13,"Pick1",0.3,NA,0.3
"444","Picks","P1B",6,2022-09-14,"0.0","0.0",2022-09-14 01:11:15,"Pick1",0,0,0
"445","Picks","P1E",6,2022-09-14,"0.1","0.0",2022-09-14 01:15:22,"Pick1",0.1,0,0.05
"446","Picks","P2A",6,2022-09-14,"0.0","0.0",2022-09-14 01:18:39,"Pick1",0,0,0
"447","Picks","P2C",6,2022-09-14,"0.3","0.1",2022-09-14 01:24:46,"Pick1",0.3,0.1,0.2
"448","Picks","P2D",6,2022-09-14,"0.0","0.0",2022-09-14 01:30:53,"Pick1",0,0,0
"449","Picks","P3B",6,2022-09-14,"0.5","0.3",2022-09-14 01:37:24,"Pick1",0.5,0.3,0.4
"450","Picks","P3E",6,2022-09-14,"0.2","0.1",2022-09-14 01:41:35,"Pick1",0.2,0.1,0.15
"451","Picks","P4A",6,2022-09-14,"0.0","0.0",2022-09-14 01:46:11,"Pick1",0,0,0
"452","Picks","P4C",6,2022-09-14,"0.0","0.0",2022-09-14 01:51:43,"Pick1",0,0,0
"453","Picks","P4D",6,2022-09-14,"0.0","0.0",2022-09-14 01:56:08,"Pick1",0,0,0
"454","Picks","P5B",6,2022-09-14,"0.1","0.0",2022-09-14 02:01:14,"Pick1",0.1,0,0.05
"455","Picks","P5E",6,2022-09-14,"0.0","0.0",2022-09-14 02:05:57,"Pick1",0,0,0
"456","Picks","P1B",7,2022-09-14,"0.0","0.0",2022-09-14 04:06:17,"Pick1",0,0,0
"457","Picks","P1E",7,2022-09-14,"0.0","0.0",2022-09-14 04:12:15,"Pick1",0,0,0
"458","Picks","P2A",7,2022-09-14,"0.0","0.0",2022-09-14 04:17:05,"Pick1",0,0,0
"459","Picks","P2C",7,2022-09-14,"0.5","0.3",2022-09-14 04:21:34,"Pick1",0.5,0.3,0.4
"460","Picks","P2D",7,2022-09-14,"0.0","0.0",2022-09-14 04:26:20,"Pick1",0,0,0
"461","Picks","P3B",7,2022-09-14,"0.3","0.3",2022-09-14 04:32:13,"Pick1",0.3,0.3,0.3
"462","Picks","P3E",7,2022-09-14,"0.1","0.3",2022-09-14 04:36:15,"Pick1",0.1,0.3,0.2
"463","Picks","P4A",7,2022-09-14,"0.0","0.0",2022-09-14 04:39:50,"Pick1",0,0,0
"464","Picks","P4C",7,2022-09-14,"0.1","0.2",2022-09-14 04:44:08,"Pick1",0.1,0.2,0.15
"465","Picks","P4D",7,2022-09-14,"0.2","0.3",2022-09-14 04:48:24,"Pick1",0.2,0.3,0.25
"466","Picks","P5B",7,2022-09-14,"0.0","0.0",2022-09-14 04:52:56,"Pick1",0,0,0
"467","Picks","P5E",7,2022-09-14,"0.2","0.2",2022-09-14 04:58:09,"Pick1",0.2,0.2,0.2
"468","Picks","P1B",8,2022-09-14,"0.0","0.0",2022-09-14 07:20:56,"Pick1",0,0,0
"469","Picks","P1E",8,2022-09-14,"0.0","0.0",2022-09-14 07:27:30,"Pick1",0,0,0
"470","Picks","P2A",8,2022-09-14,"0.4","0.4",2022-09-14 07:31:33,"Pick1",0.4,0.4,0.4
"471","Picks","P2C",8,2022-09-14,"0.3","0.2",2022-09-14 07:38:02,"Pick1",0.3,0.2,0.25
"472","Picks","P2D",8,2022-09-14,"0.0","0.0",2022-09-14 07:44:02,"Pick1",0,0,0
"473","Picks","P3B",8,2022-09-14,"0.3","0.3",2022-09-14 07:49:51,"Pick1",0.3,0.3,0.3
"474","Picks","P3E",8,2022-09-14,"0.0","0.0",2022-09-14 07:53:48,"Pick1",0,0,0
"475","Picks","P4A",8,2022-09-14,"0.1","0.1",2022-09-14 07:57:10,"Pick1",0.1,0.1,0.1
"476","Picks","P4C",8,2022-09-14,"0.2","0.1",2022-09-14 08:01:56,"Pick1",0.2,0.1,0.15
"477","Picks","P4D",8,2022-09-14,"0.4","0.2",2022-09-14 08:05:04,"Pick1",0.4,0.2,0.3
"478","Picks","P5B",8,2022-09-14,"0.0","0.0",2022-09-14 08:11:22,"Pick1",0,0,0
"479","Picks","P5E",8,2022-09-14,"0.1","0.2",2022-09-14 08:15:08,"Pick1",0.1,0.2,0.15
"480","Sisters3","P1B",1,2022-08-22,"0.0","0.0",2022-08-22 11:10:53,"Sister31",0,0,0
"481","Sisters3","P1E",1,2022-08-22,"0.4","0.7",2022-08-22 11:15:14,"Sister31",0.4,0.7,0.55
"482","Sisters3","P2A",1,2022-08-22,"0.9","1.1",2022-08-22 11:19:47,"Sister31",0.9,1.1,1
"483","Sisters3","P2C",1,2022-08-22,"1.1","1.1",2022-08-22 11:29:39,"Sister31",1.1,1.1,1.1
"484","Sisters3","P2D",1,2022-08-22,"0.0","0.0",2022-08-22 11:36:54,"Sister31",0,0,0
"485","Sisters3","P3B",1,2022-08-22,"0.4","0.2",2022-08-22 11:41:14,"Sister31",0.4,0.2,0.3
"486","Sisters3","P3E",1,2022-08-22,"1.3","0.9",2022-08-22 11:44:10,"Sister31",1.3,0.9,1.1
"487","Sisters3","P4A",1,2022-08-22,"0.4","0.2",2022-08-22 11:47:06,"Sister31",0.4,0.2,0.3
"488","Sisters3","P4C",1,2022-08-22,"1.6","1.6",2022-08-22 11:52:43,"Sister31",1.6,1.6,1.6
"489","Sisters3","P4D",1,2022-08-22,"1.3","0.4",2022-08-22 11:56:19,"Sister31",1.3,0.4,0.85
"490","Sisters3","P5B",1,2022-08-22,"1.1","0.2",2022-08-22 12:04:14,"Sister31",1.1,0.2,0.65
"491","Sisters3","P5E",1,2022-08-22,"2.9","1.1",2022-08-22 12:09:09,"Sister31",2.9,1.1,2
"492","Sisters3","P1B",2,2022-08-22,"1.1","1.3",2022-08-22 13:19:58,"Sister31",1.1,1.3,1.2
"493","Sisters3","P1E",2,2022-08-22,"0.4","0.9",2022-08-22 13:25:48,"Sister31",0.4,0.9,0.65
"494","Sisters3","P2A",2,2022-08-22,"2.0","0.2",2022-08-22 13:28:44,"Sister31",2,0.2,1.1
"495","Sisters3","P2C",2,2022-08-22,"0.9","0.7",2022-08-22 13:38:37,"Sister31",0.9,0.7,0.8
"496","Sisters3","P2D",2,2022-08-22,"1.8","0.4",2022-08-22 13:44:19,"Sister31",1.8,0.4,1.1
"497","Sisters3","P3B",2,2022-08-22,"0.0","0.4",2022-08-22 13:49:39,"Sister31",0,0.4,0.2
"498","Sisters3","P3E",2,2022-08-22,"0.4","0.4",2022-08-22 13:52:36,"Sister31",0.4,0.4,0.4
"499","Sisters3","P4A",2,2022-08-22,"0.9","0.7",2022-08-22 13:55:41,"Sister31",0.9,0.7,0.8
"500","Sisters3","P4C",2,2022-08-22,"1.6","0.7",2022-08-22 14:04:11,"Sister31",1.6,0.7,1.15
"501","Sisters3","P4D",2,2022-08-22,"0.9","0.7",2022-08-22 14:12:38,"Sister31",0.9,0.7,0.8
"502","Sisters3","P5B",2,2022-08-22,"0.0","0.0",2022-08-22 14:16:54,"Sister31",0,0,0
"503","Sisters3","P5E",2,2022-08-22,"0.0","0.2",2022-08-22 14:21:51,"Sister31",0,0.2,0.1
"504","Sisters3","P1B",3,2022-08-22,"0.9","1.6",2022-08-22 16:17:42,"Sister31",0.9,1.6,1.25
"505","Sisters3","P1E",3,2022-08-22,"0.2","0.2",2022-08-22 16:22:07,"Sister31",0.2,0.2,0.2
"506","Sisters3","P2A",3,2022-08-22,"1.1","0.4",2022-08-22 16:26:55,"Sister31",1.1,0.4,0.75
"507","Sisters3","P2C",3,2022-08-22,"1.3","1.1",2022-08-22 16:37:59,"Sister31",1.3,1.1,1.2
"508","Sisters3","P2D",3,2022-08-22,"1.8","0.9",2022-08-22 16:49:14,"Sister31",1.8,0.9,1.35
"509","Sisters3","P3B",3,2022-08-22,"1.1","0.9",2022-08-22 16:53:29,"Sister31",1.1,0.9,1
"510","Sisters3","P3E",3,2022-08-22,"0.9","0.9",2022-08-22 16:56:32,"Sister31",0.9,0.9,0.9
"511","Sisters3","P4A",3,2022-08-22,"1.6","1.1",2022-08-22 17:00:59,"Sister31",1.6,1.1,1.35
"512","Sisters3","P4C",3,2022-08-22,"0.9","0.9",2022-08-22 17:13:10,"Sister31",0.9,0.9,0.9
"513","Sisters3","P4D",3,2022-08-22,"1.3","1.1",2022-08-22 17:21:01,"Sister31",1.3,1.1,1.2
"514","Sisters3","P5B",3,2022-08-22,"1.6","1.3",2022-08-22 17:25:11,"Sister31",1.6,1.3,1.45
"515","Sisters3","P5E",3,2022-08-22,"0.9","0.3",2022-08-22 17:28:58,"Sister31",0.9,0.3,0.6
"516","Sisters3","P1B",4,2022-08-22,"1.1000000000000001",NA,2022-08-22 19:11:10,"Sister31",1.1,NA,1.1
"517","Sisters3","P1E",4,2022-08-22,"0.4",NA,2022-08-22 19:14:33,"Sister31",0.4,NA,0.4
"518","Sisters3","P2A",4,2022-08-22,"0.2",NA,2022-08-22 19:17:56,"Sister31",0.2,NA,0.2
"519","Sisters3","P2C",4,2022-08-22,"0.2",NA,2022-08-22 19:25:26,"Sister31",0.2,NA,0.2
"520","Sisters3","P2D",4,2022-08-22,"1.3",NA,2022-08-22 19:34:03,"Sister31",1.3,NA,1.3
"521","Sisters3","P3B",4,2022-08-22,"1.3",NA,2022-08-22 19:39:06,"Sister31",1.3,NA,1.3
"522","Sisters3","P3E",4,2022-08-22,"0.2",NA,2022-08-22 19:42:47,"Sister31",0.2,NA,0.2
"523","Sisters3","P4A",4,2022-08-22,"0",NA,2022-08-22 19:46:28,"Sister31",0,NA,0
"524","Sisters3","P4C",4,2022-08-22,"0",NA,2022-08-22 19:53:00,"Sister31",0,NA,0
"525","Sisters3","P4D",4,2022-08-22,"0.4",NA,2022-08-22 19:59:12,"Sister31",0.4,NA,0.4
"526","Sisters3","P5B",4,2022-08-22,"0",NA,2022-08-22 20:03:54,"Sister31",0,NA,0
"527","Sisters3","P5E",4,2022-08-22,"0.2",NA,2022-08-22 20:07:25,"Sister31",0.2,NA,0.2
"528","Sisters3","P1B",5,2022-08-22,"0",NA,2022-08-22 22:00:28,"Sister31",0,NA,0
"529","Sisters3","P1E",5,2022-08-22,"0",NA,2022-08-22 22:04:10,"Sister31",0,NA,0
"530","Sisters3","P2A",5,2022-08-22,"0",NA,2022-08-22 22:07:32,"Sister31",0,NA,0
"531","Sisters3","P2C",5,2022-08-22,"0",NA,2022-08-22 22:13:41,"Sister31",0,NA,0
"532","Sisters3","P2D",5,2022-08-22,"0.4",NA,2022-08-22 22:19:54,"Sister31",0.4,NA,0.4
"533","Sisters3","P3B",5,2022-08-22,"0.7",NA,2022-08-22 22:23:58,"Sister31",0.7,NA,0.7
"534","Sisters3","P3E",5,2022-08-22,"0",NA,2022-08-22 22:27:08,"Sister31",0,NA,0
"535","Sisters3","P4A",5,2022-08-22,"0",NA,2022-08-22 22:30:16,"Sister31",0,NA,0
"536","Sisters3","P4C",5,2022-08-22,"0.2",NA,2022-08-22 22:36:48,"Sister31",0.2,NA,0.2
"537","Sisters3","P4D",5,2022-08-22,"0.2",NA,2022-08-22 22:45:19,"Sister31",0.2,NA,0.2
"538","Sisters3","P5B",5,2022-08-22,"0",NA,2022-08-22 22:49:38,"Sister31",0,NA,0
"539","Sisters3","P5E",5,2022-08-22,"0",NA,2022-08-22 22:53:08,"Sister31",0,NA,0
"540","Sisters3","P1B",6,2022-08-23,"0.4","0.4",NA,"Sister31",0.4,0.4,0.4
"541","Sisters3","P1E",6,2022-08-23,"0.0","0.0",2022-08-23 01:06:40,"Sister31",0,0,0
"542","Sisters3","P2A",6,2022-08-23,"0.0","0.0",2022-08-23 01:11:18,"Sister31",0,0,0
"543","Sisters3","P2C",6,2022-08-23,"0.0","0.0",2022-08-23 01:19:45,"Sister31",0,0,0
"544","Sisters3","P2D",6,2022-08-23,"0.2","0.4",2022-08-23 01:29:41,"Sister31",0.2,0.4,0.3
"545","Sisters3","P3B",6,2022-08-23,"0.0","0.2",2022-08-23 01:35:04,"Sister31",0,0.2,0.1
"546","Sisters3","P3E",6,2022-08-23,"0.4","0.7",2022-08-23 01:38:53,"Sister31",0.4,0.7,0.55
"547","Sisters3","P4A",6,2022-08-23,"0.0","0.4",2022-08-23 01:41:52,"Sister31",0,0.4,0.2
"548","Sisters3","P4C",6,2022-08-23,"0.0","0.0",2022-08-23 01:52:26,"Sister31",0,0,0
"549","Sisters3","P4D",6,2022-08-23,"0.0","0.0",2022-08-23 02:01:06,"Sister31",0,0,0
"550","Sisters3","P5B",6,2022-08-23,"0.0","0.0",2022-08-23 02:05:11,"Sister31",0,0,0
"551","Sisters3","P5E",6,2022-08-23,"0.0","0.0",2022-08-23 02:12:25,"Sister31",0,0,0
"552","Sisters3","P1B",7,2022-08-23,"0.2","0.2",2022-08-23 04:19:16,"Sister31",0.2,0.2,0.2
"553","Sisters3","P1E",7,2022-08-23,"0.2","0.2",2022-08-23 04:23:19,"Sister31",0.2,0.2,0.2
"554","Sisters3","P2A",7,2022-08-23,"0.0","0.0",2022-08-23 04:30:43,"Sister31",0,0,0
"555","Sisters3","P2C",7,2022-08-23,"0.0","0.0",2022-08-23 04:38:56,"Sister31",0,0,0
"556","Sisters3","P2D",7,2022-08-23,"0.0","0.0",2022-08-23 04:47:34,"Sister31",0,0,0
"557","Sisters3","P3B",7,2022-08-23,"0.2","0.2",2022-08-23 04:51:56,"Sister31",0.2,0.2,0.2
"558","Sisters3","P3E",7,2022-08-23,"0.7","0.7",2022-08-23 04:55:10,"Sister31",0.7,0.7,0.7
"559","Sisters3","P4A",7,2022-08-23,"0.4","0.0",2022-08-23 04:57:56,"Sister31",0.4,0,0.2
"560","Sisters3","P4C",7,2022-08-23,"0.0","0.0",2022-08-23 05:05:58,"Sister31",0,0,0
"561","Sisters3","P4D",7,2022-08-23,"0.4","0.7",2022-08-23 05:12:07,"Sister31",0.4,0.7,0.55
"562","Sisters3","P5B",7,2022-08-23,"0.2","0.0",2022-08-23 05:16:43,"Sister31",0.2,0,0.1
"563","Sisters3","P5E",7,2022-08-23,"0.0","0.0",2022-08-23 05:19:55,"Sister31",0,0,0
"564","Sisters3","P1B",8,2022-08-23,"0.0","0.0",2022-08-23 07:19:13,"Sister31",0,0,0
"565","Sisters3","P1E",8,2022-08-23,"0.0","0.0",2022-08-23 07:22:59,"Sister31",0,0,0
"566","Sisters3","P2A",8,2022-08-23,"0.0","0.0",2022-08-23 07:25:52,"Sister31",0,0,0
"567","Sisters3","P2C",8,2022-08-23,"0.7","0.9",2022-08-23 07:34:02,"Sister31",0.7,0.9,0.8
"568","Sisters3","P2D",8,2022-08-23,"0.2","0.0",2022-08-23 07:39:28,"Sister31",0.2,0,0.1
"569","Sisters3","P3B",8,2022-08-23,"0.2","0.4",2022-08-23 07:43:05,"Sister31",0.2,0.4,0.3
"570","Sisters3","P3E",8,2022-08-23,"0.0","0.0",2022-08-23 07:46:19,"Sister31",0,0,0
"571","Sisters3","P4A",8,2022-08-23,"0.0","0.0",2022-08-23 07:48:55,"Sister31",0,0,0
"572","Sisters3","P4C",8,2022-08-23,"0.0","0.0",2022-08-23 07:54:33,"Sister31",0,0,0
"573","Sisters3","P4D",8,2022-08-23,"0.0","0.2",2022-08-23 07:59:47,"Sister31",0,0.2,0.1
"574","Sisters3","P5B",8,2022-08-23,"0.0","0.2",2022-08-23 08:03:36,"Sister31",0,0.2,0.1
"575","Sisters3","P5E",8,2022-08-23,"0.0.","0.0",2022-08-23 08:07:16,"Sister31",NA,0,0
